-- Data prepapred by Alan Guo, yuning@ualberta.ca
-- Original created by Davood Rafiei, drafiei@ualberta.ca
-- Published on Sept 28, 2018

drop table if exists requests;
drop table if exists enroute;
drop table if exists bookings;
drop table if exists rides;
drop table if exists locations;
drop table if exists cars;
drop table if exists members;

PRAGMA foreign_keys = ON;

create table members (
  email		char(15),
  name		char(20),
  phone		char(12),
  primary key (email)
);
create table cars (
  cno		int,
  make		char(12),
  model		char(12),
  year		int,
  seats		int,
  owner		char(15),
  primary key (cno),
  foreign key (owner) references members
);
create table locations (
  lcode		char(5),
  city		char(16),
  prov		char(16),
  address	char(16),
  primary key (lcode)
);
create table rides (
  rno		int,
  price		int,
  rdate		date,
  seats		int,
  lugDesc	char(10),
  src		char(5),
  dst		char(5),
  driver	char(15),
  cno		int,
  primary key (rno),
  foreign key (src) references locations,
  foreign key (dst) references locations,
  foreign key (driver) references members,
  foreign key (cno) references cars
);
create table bookings (
  bno		int,
  email		char(15),
  rno		int,
  cost		int,
  seats		int,
  pickup	char(5),
  dropoff	char(5),
  primary key (bno),
  foreign key (email) references members,
  foreign key (rno) references rides,
  foreign key (pickup) references locations,
  foreign key (dropoff) references locations
);
create table enroute (
  rno		int,
  lcode		char(5),
  primary key (rno,lcode),
  foreign key (rno) references rides,  
  foreign key (lcode) references locations
);  
create table requests (
  rid		int,
  email		char(15),
  rdate		date,
  pickup	char(5),
  dropoff	char(5),
  amount	int,
  primary key (rid),
  foreign key (email) references members,
  foreign key (pickup) references locations,
  foreign key (dropoff) references locations
);


insert into members values ('davood@abc.com','Davood Rafiei','780-111-3333');
insert into members values ('joe@gmail.com','Joe Anderson','780-111-2222'); 
insert into members values ('mary@abc.com','Mary Smith','780-222-3333');
insert into members values ('paul@gmail.com','John Paul','780-333-4444');
insert into members values ('steve@abc.com','Steve Ryan','780-424-4544');
insert into members values ('jack@gmail.com','Jack Ryan','780-256-5789');
insert into members values ('john@abc.com','John Clark','780-435-2548');
insert into members values ('Franz@abc.com','Franz Halder','780-365-4356');
insert into members values ('Wilhelm@gmail.com','Wilhelm Keitel','780-789-7895');
insert into members values ('alfred@abcd.com','Alfred Jodl','780-465-1235'); 
insert into members values ('walther@abc.com','Walther Brauchitsch','780-768-4695');
insert into members values ('paulkleist@gmail.com','Paul Kleist','780-735-4568');
insert into members values ('Gerd@abcd.com','Gerd Rundstedt','780-735-3869');
insert into members values ('Georg@yahoo.com','Georg Kuchler','780-147-4358');
insert into members values ('Zhukov@yahoo.com','Georgy Zhukov','780-735-1694');
insert into members values ('Vasilevsky@hotmail.com','Aleksandr Vasilevsky','780-358-1694');
insert into members values ('Konstantin@gmail.com','Konstantin Rokossov','780-258-4689');
insert into members values ('Shaposh@abcd.com','Boris Shaposhnikov','780-369-4568'); 
insert into members values ('Charles@abc.com','Charles de Caulle','780-735-7835');
insert into members values ('Alphonse@abc.com','Alphonse Juin','780-789-7892');
insert into members values ('Maurice@westfall.com','Maurice Gamelin','780-782-4558');
insert into members values ('Alan@gmail.com','Alan Brooke','780-357-7537');
insert into members values ('Bernard@gmail.com','Bernard Montgomery','780-785-7676');
insert into members values ('Harold@hotmail.com','Harold Alexander','780-256-4353'); 
insert into members values ('Archibald@abcd.com','Archibald Wavell','780-415-5658');
insert into members values ('Claude@abc.com','Claude Auchinleck','780-025-5656');
insert into members values ('Portal@abc.com','Charles Portal','780-445-0253');
insert into members values ('Arthur@yahoo.com','Arthur Harris','780-336-0202'); 
insert into members values ('Cunningham@hotmail.com','Andrew Cunningham','780-888-0363');
insert into members values ('Marshall@westfall.com','George Marshall','780-356-7367');
insert into members values ('MacArthur@westfall.com','Douglas MacArthur','780-002-5425');
insert into members values ('Nimitz@gmail.com','Chester Nimitz','780-995-1421');
insert into members values ('Arnold@abcd.com','Henry Arnold','780-565-0528'); 
insert into members values ('Africanus@abcd.com','Scipio Africanus','780-777-4535'); 
insert into members values ('Titus@abcd.com','Titus Flamininus','780-532-4687'); 
insert into members values ('Cato@hotmail.com','Cato the Elder','780-363-3542'); 
insert into members values ('Lucius@westfall.com','Lucius Sulla','780-552-4534'); 
insert into members values ('MarcusC@gmail.com','Marcus Crassus','780-880-7537'); 
insert into members values ('MarcusA@yahoo.com','Marcus Antonius','780-220-3427'); 


insert into cars values (1,'Aston Martin','DB5',1964,1,'davood@abc.com');
insert into cars values (2,'Honda','Civic',2017,4,'joe@gmail.com'); 
insert into cars values (3,'Nissan','Rogue',2018,4,'mary@abc.com'); 
insert into cars values (4,'Lexus','RS',2013,6,'Wilhelm@gmail.com');
insert into cars values (5,'Chrysler','Town',2016,5,'Arnold@abcd.com');
insert into cars values (6,'Ford','Edge',2013,4,'Maurice@westfall.com');
insert into cars values (7,'Honda','Civic',2018,4,'Maurice@westfall.com'); 
insert into cars values (8,'Nissan','Rogue',2012,4,'Konstantin@gmail.com');
insert into cars values (9,'Toyota','Rav4',2011,6,'Vasilevsky@hotmail.com');
insert into cars values (10,'Dodge','Grand Caravan',2016,8,'Harold@hotmail.com'); 
insert into cars values (11,'Ford','Fusion',2012,3,'Archibald@abcd.com'); 
insert into cars values (12,'Nissan','Sentra',2015,4,'Zhukov@yahoo.com'); 
insert into cars values (13,'Honda','Accord',2008,4,'Zhukov@yahoo.com'); 
insert into cars values (14,'Honda Civic','Terrain',2002,5,'Alphonse@abc.com'); 
insert into cars values (15,'Toyota','Corolla',2017,5,'Africanus@abcd.com'); 
insert into cars values (16,'Toyota','Camry',2016,3,'Nimitz@gmail.com'); 
insert into cars values (17,'Toyota','Corolla',2016,4,'Titus@abcd.com'); 


insert into locations values ('ab1','Edmonton','Alberta','UofA LRT st');
insert into locations values ('ab2','Edmonton','Alberta','Century LRT st');
insert into locations values ('ab3','Edmonton','Alberta',null);
insert into locations values ('ab4','Calgary','Alberta','111 Edmonton Tr');
insert into locations values ('ab5','Calgary','Alberta','Airport');
insert into locations values ('ab6','Red Deer','Alberta','City Hall');
insert into locations values ('ab7','Red Deer','Alberta','Airport');
insert into locations values ('bc1','Vancouver','British Columbia','Stanley Park');
insert into locations values ('bc2','Surrey','British Columbia','Main Square');
insert into locations values ('bc3','Surrey','BritishColumbia','T n T Supermarket');
insert into locations values ('bc4','Surrey','BritishColumbia','West Park');
insert into locations values ('bc5','Kamloops','BritishColumbia','City Hall');
insert into locations values ('bc6','Kamloops','BritishColumbia','Airport');
insert into locations values ('bc7','Vernon','BritishColumbia','Park');
insert into locations values ('bc8','Vernon','BritishColumbia','City Hall');
insert into locations values ('bc9','Kelowna','BritishColumbia','Main Square');
insert into locations values ('bc10','Kelowna','BritishColumbia','City Hall');
insert into locations values ('bc11','Kelowna','BritishColumbia','Trailer Park');
insert into locations values ('bc12','Kelowna','BritishColumbia','Central Mall');
insert into locations values ('sk1','Saskatoon','Saskatchewan','Airport');
insert into locations values ('sk2','Saskatoon','Saskatchewan','Car Dealer');
insert into locations values ('sk3','Saskatoon','Saskatchewan','Mall');
insert into locations values ('sk4','Saskatoon','Saskatchewan','East Park');
insert into locations values ('sk5','Prince Albert','Saskatchewan','High School');
insert into locations values ('sk6','Prince Albert','Saskatchewan','West Station');
insert into locations values ('sk7','Regina','Saskatchewan','Airport');
insert into locations values ('sk8','Regina','Saskatchewan','Central Mall');
insert into locations values ('sk9','Regina','Saskatchewan','West Park');
insert into locations values ('sk10','Regina','Saskatchewan','City Hall');
insert into locations values ('sk11','Regina','Saskatchewan','Ranch');


insert into rides values (100, 30, '2018-11-12', 3, 'small bag', 'ab1', 'ab4', 'joe@gmail.com', 2);
insert into rides values (101, 30, '2018-11-13', 3, 'small bag', 'ab1', 'ab4', 'joe@gmail.com', null);
insert into rides values (102, 10, '2018-10-12', 2, 'shopping bag', 'ab2', 'ab5', 'alfred@abcd.com', 7);
insert into rides values (103, 10, '2018-10-11', 1, 'purse', 'ab1', 'ab4', 'alfred@abcd.com', 7);
insert into rides values (104, 15, '2018-10-01', 2, 'suitcase', 'ab2', 'sk3', 'alfred@abcd.com', 7);
insert into rides values (105, 15, '2018-10-01', 2, 'suitcase', 'sk1', 'ab5', 'alfred@abcd.com', 7);
insert into rides values (106, 15, '2018-09-28', 1, 'suitcase', 'sk5', 'bc9', 'alfred@abcd.com', 7);
insert into rides values (107, 25, '2018-09-24', 2, 'none', 'sk3', 'sk6', 'alfred@abcd.com', 7);
insert into rides values (108, 25, '2018-11-22', 2, 'backpack', 'ab1', 'ab4', 'Shaposh@abcd.com', 11); 
insert into rides values (109, 25, '2018-09-15', 3, 'backpack', 'sk3', 'bc12', 'Shaposh@abcd.com', 11);
insert into rides values (110, 35, '2018-09-02', 3, 'suitcase', 'bc1', 'ab7', 'alfred@abcd.com', 7); 
insert into rides values (111, 35, '2018-08-30', 3, 'purse', 'bc4', 'sk5', 'Shaposh@abcd.com', 11);
insert into rides values (112, 13, '2018-06-05', 3, 'gym bag', 'bc6', 'bc9', 'Harold@hotmail.com', 10);
insert into rides values (113, 24, '2018-11-07', 2, 'suitcase', 'ab2', 'ab5', 'alfred@abcd.com', 7); 
insert into rides values (114, 16, '2018-04-10', 1, 'suitcase', 'bc12', 'ab6', 'Shaposh@abcd.com', 11);
insert into rides values (115, 12, '2017-05-11', 2, 'purse', 'bc3', 'sk8', 'Harold@hotmail.com', 10);
insert into rides values (116, 5, '2016-09-14', 1, 'none', 'bc6', 'bc5', 'Harold@hotmail.com', 10);
insert into rides values (117, 23, '2016-08-28', 3, 'suitcase', 'bc2', 'ab5', 'Arthur@yahoo.com', 3);
insert into rides values (118, 12, '2016-12-03', 2, 'shopping bag', 'bc8', 'sk8', 'Arthur@yahoo.com', null);



insert into rides values (119, 15, '2015-07-07', 2, 'gym bag', 'ab1', 'ab3', 'alfred@abcd.com', 7);
insert into rides values (120, 19, '2015-11-5', 2, 'suitcase', 'sk8', 'bc2', 'Arthur@yahoo.com', 3);
insert into rides values (121, 29, '2015-10-16', 1, 'purse', 'sk8', 'sk3', 'Shaposh@abcd.com', 11);
insert into rides values (122, 13, '2014-09-18', 2, 'none', 'ab5', 'bc2', 'alfred@abcd.com', 7);
insert into rides values (123, 23, '2013-04-24', 2, 'cardboard box', 'ab5', 'bc2', 'Arthur@yahoo.com', null);
insert into rides values (124, 25, '2010-02-28', 3, 'none', 'bc9', 'bc5', 'Shaposh@abcd.com', 11);


insert into rides values (125, 25, '2018-10-28', 3, 'none', 'ab1', 'ab5', 'Africanus@abcd.com', 15);
insert into rides values (126, 20, '2018-10-27', 2, 'none', 'ab2', 'ab4', 'Harold@hotmail.com', 10);
insert into rides values (127, 15, '2018-10-26', 2, 'none', 'ab1', 'ab4', 'Africanus@abcd.com', 15);
insert into rides values (128, 25, '2018-12-28', 3, 'none', 'ab1', 'ab5', 'Harold@hotmail.com', 10);
insert into rides values (129, 20, '2018-12-27', 2, 'none', 'ab2', 'ab4', 'alfred@abcd.com', 7);
insert into rides values (130, 15, '2018-12-26', 2, 'none', 'ab1', 'ab4', 'Arthur@yahoo.com', 3);



insert into bookings values (10, 'davood@abc.com', 100, null, 1, 'ab2', null);
insert into bookings values (12, 'davood@abc.com', 101, 28, 1, 'ab2', 'ab5');
insert into bookings values (14, 'paul@gmail.com', 105, 15, 1, null, null);
insert into bookings values (16, 'Zhukov@yahoo.com', 106, 20, 1, 'sk1', 'ab5');
insert into bookings values (18, 'Zhukov@yahoo.com', 107, 12, 2, 'sk3', 'sk6');
insert into bookings values (20, 'Zhukov@yahoo.com', 109, 24, 3, 'sk3', 'bc12');
insert into bookings values (22, 'Zhukov@yahoo.com', 113, 10, 2, 'ab2', 'ab5');
insert into bookings values (24, 'walther@abc.com', 115, 28, 1, 'bc9', 'bc5');
insert into bookings values (26, 'walther@abc.com', 124, null, 1, 'bc6', 'bc5');
insert into bookings values (28, 'walther@abc.com', 123, 23, 2, 'ab5', 'bc2');
insert into bookings values (30, 'Portal@abc.com', 105, 2, 1, null, null);
insert into bookings values (32, 'Portal@abc.com', 108, 24, 2, 'ab1', 'ab4'); 
insert into bookings values (34, 'MacArthur@westfall.com', 114, 23, 3, null, null);
insert into bookings values (36, 'MacArthur@westfall.com', 119, 15, 1, null, null);
insert into bookings values (38, 'MacArthur@westfall.com', 120, 16, 2, 'bc9', 'sk4');


insert into enroute values (100, 'ab6');
insert into enroute values (101, 'ab7');
insert into enroute values (102, 'ab1');
insert into enroute values (103, 'ab3');
insert into enroute values (103, 'sk4');
insert into enroute values (103, 'sk1');
insert into enroute values (106, 'sk11');
insert into enroute values (106, 'sk9');
insert into enroute values (109, 'sk5');
insert into enroute values (112, 'bc1');
insert into enroute values (113, 'bc7');
insert into enroute values (114, 'bc4');
insert into enroute values (115, 'bc9');
insert into enroute values (118, 'bc12');
insert into enroute values (123, 'bc7');
insert into enroute values (123, 'sk8');
insert into enroute values (113, 'sk2');
insert into enroute values (109, 'ab5');


insert into requests values (1, 'paul@gmail.com', '2018-12-22', 'ab3', 'bc1', 80);
insert into requests values (2, 'davood@abc.com', '2018-12-24', 'ab1', 'ab7', 60);
insert into requests values (3, 'Bernard@gmail.com', '2018-05-24', 'ab2', 'ab4', 70);
insert into requests values (4, 'Marshall@westfall.com', '2018-04-24', 'ab2', 'ab4', 50);
insert into requests values (5, 'Nimitz@gmail.com', '2018-01-30', 'ab3', 'ab4', 46);
insert into requests values (6, 'paulkleist@gmail.com', '2018-01-24', 'sk3', 'sk6', 50);
insert into requests values (7, 'steve@abc.com', '2018-10-11', 'ab5', 'bc5', 80);
insert into requests values (8, 'Harold@hotmail.com', '2018-09-02', 'bc1', 'ab7', 70);
insert into requests values (9, 'Vasilevsky@hotmail.com', '2017-10-05', 'ab1', 'sk9', 75);
insert into requests values (10, 'Gerd@abcd.com', '2017-06-16', 'ab1', 'sk11', 60);
insert into requests values (11, 'mary@abc.com', '2017-06-28', 'sk3', 'ab7', 80);
insert into requests values (12, 'Maurice@westfall.com', '2017-04-27', 'bc8', 'sk8', 60);
insert into requests values (13, 'Cunningham@hotmail.com', '2017-02-23', 'sk5', 'bc9', 80);
insert into requests values (14, 'Konstantin@gmail.com', '2016-08-15', 'ab5', 'ab2', 90);
insert into requests values (15, 'Franz@abc.com', '2016-04-27', 'bc12', 'ab6', 75);
insert into requests values (16, 'Alphonse@abc.com', '2016-02-14', 'bc2', 'ab7', 50);
insert into requests values (17, 'Alan@gmail.com', '2015-04-10', 'bc9', 'ab6', 60);
insert into requests values (18, 'Arnold@abcd.com', '2015-10-5', 'ab3', 'sk6', 45);